INSERT INTO Users (user_id, username, password, role, email)
VALUES ('c8a3e883-5049-46c7-94b1-9f1cdb9a4f95', 'Admin',
        '3b612c75a7b5048a435fb6ec81e52ff92d6d795a8b5a9c17070f6a63c97a53b2', 'ADMIN',
        'admin.cafe@gmail.com'),
       ('6ba7b810-9dad-11d1-80b4-00c04fd430c1', 'Sashka',
        '32c6b1625a1aae8ba1cbdbb24c20b624ed42ab7389c54c6a5a53d59fff0f2b59', 'USER',
        'oleksandr.k@gmail.com'),
       ('6ba7b811-9dad-11d1-80b4-00c04fd430c2', 'IvanPetrenko',
        '3b612c75a7b5048a435fb6ec81e52ff92d6d795a8b5a9c17070f6a63c97a53b2', 'USER',
        'ivan.p@email.com'),
       ('6ba7b812-9dad-11d1-80b4-00c04fd430c3', 'MariaSydorenko',
        '3b612c75a7b5048a435fb6ec81e52ff92d6d795a8b5a9c17070f6a63c97a53b2', 'USER',
        'mariya.s@email.com'),
       ('6ba7b813-9dad-11d1-80b4-00c04fd430c4', 'AndriyBoyko',
        '3b612c75a7b5048a435fb6ec81e52ff92d6d795a8b5a9c17070f6a63c97a53b2', 'USER',
        'andriy.b@email.com'),
       ('6ba7b814-9dad-11d1-80b4-00c04fd430c5', 'ChefOleg',
        '3b612c75a7b5048a435fb6ec81e52ff92d6d795a8b5a9c17070f6a63c97a53b2', 'ADMIN',
        'oleg.k@email.com'),
       ('6ba7b815-9dad-11d1-80b4-00c04fd430c6', 'YuliyaMelnyk',
        '3b612c75a7b5048a435fb6ec81e52ff92d6d795a8b5a9c17070f6a63c97a53b2', 'USER',
        'yuliya.m@email.com'),
       ('6ba7b816-9dad-11d1-80b4-00c04fd430c7', 'DmytroShevchenko',
        '3b612c75a7b5048a435fb6ec81e52ff92d6d795a8b5a9c17070f6a63c97a53b2', 'USER',
        'dmytro.sh@email.com'),
       ('6ba7b817-9dad-11d1-80b4-00c04fd430c8', 'NataliyaLysenko',
        '3b612c75a7b5048a435fb6ec81e52ff92d6d795a8b5a9c17070f6a63c97a53b2', 'USER',
        'nataliya.l@email.com'),
       ('6ba7b818-9dad-11d1-80b4-00c04fd430c9', 'ViktorGrytsak',
        '3b612c75a7b5048a435fb6ec81e52ff92d6d795a8b5a9c17070f6a63c97a53b2', 'USER',
        'viktor.g@email.com');

INSERT INTO Categories (category_id, category_name)
VALUES ('c1a2b3c4-d5e6-f7a8-b9c0-d1e2f3a4b5c6', 'Кава та напої'),
       ('d2b3c4d5-e6f7-a8b9-c0d1-e2f3a4b5c6d7', 'Сніданки'),
       ('e3c4d5e6-f7a8-b9c0-d1e2-f3a4b5c6d7e8', 'Салати'),
       ('f4d5e6f7-a8b9-c0d1-e2f3-a4b5c6d7e8f9', 'Супи'),
       ('a5e6f7a8-b9c0-d1e2-f3a4-b5c6d7e8f9a0', 'Сендвічі та Паніні'),
       ('b6f7a8b9-c0d1-e2f3-a4b5-c6d7e8f9a0b1', 'Випічка та Десерти');

INSERT INTO MenuItems (item_id, name, description, price, calories, image, ingredients)
VALUES ('a1b2c3d4-e5f6-a7b8-c9d0-e1f2a3b4c5d6', 'Еспресо', 'Класична міцна кава', 45.00, 5, NULL,
        'Кавові зерна, вода'),
       ('b2c3d4e5-f6a7-b8c9-d0e1-f2a3b4c5d6e7', 'Капучино', 'Еспресо з молочною пінкою', 65.00, 120,
        NULL, 'Кава, молоко'),
       ('c3d4e5f6-a7b8-c9d0-e1f2-a3b4c5d6e7f8', 'Лате', 'Кавовий напій з великою кількістю молока',
        70.00, 150, NULL, 'Кава, молоко'),
       ('d4e5f6a7-b8c9-d0e1-f2a3-b4c5d6e7f8a9', 'Чай Асорті', 'Чорний, зелений або трав`яний чай',
        50.00, 2, NULL, 'Чайне листя, вода'),
       ('e5f6a7b8-c9d0-e1f2-a3b4-c5d6e7f8a9b0', 'Сирники зі сметаною та ягодами',
        'Традиційні сирники з домашнього сиру', 125.00, 450, NULL,
        'Сир, яйця, борошно, сметана, ягоди'),
       ('f6a7b8c9-d0e1-f2a3-b4c5-d6e7f8a9b0c1', 'Вівсянка з фруктами та горіхами',
        'Корисний сніданок для гарного початку дня', 95.00, 350, NULL,
        'Вівсяні пластівці, молоко, фрукти, горіхи'),
       ('a7b8c9d0-e1f2-a3b4-c5d6-e7f8a9b0c1d2', 'Англійський сніданок',
        'Яєчня, сосиски, бекон, квасоля та тости', 180.00, 800, NULL,
        'Яйця, сосиски, бекон, квасоля, хліб'),
       ('b8c9d0e1-f2a3-b4c5-d6e7-f8a9b0c1d2e3', 'Цезар з куркою', 'Класичний салат з куркою гриль',
        140.00, 550, NULL, 'Курка, ромейн, пармезан, сухарики, соус'),
       ('c9d0e1f2-a3b4-c5d6-e7f8-a9b0c1d2e3f4', 'Грецький салат', 'Свіжі овочі з сиром фета',
        115.00, 400, NULL, 'Огірки, помідори, перець, фета, оливки'),
       ('d0e1f2a3-b4c5-d6e7-f8a9-b0c1d2e3f4a5', 'Грибна юшка',
        'Насичений крем-суп з лісових грибів', 105.00, 300, NULL,
        'Білі гриби, вершки, цибуля, спеції'),
       ('e1f2a3b4-c5d6-e7f8-a9b0-c1d2e3f4a5b6', 'Борщ з пампушками', 'Традиційний український борщ',
        95.00, 450, NULL, 'Буряк, капуста, картопля, м`ясо, сметана'),
       ('f2a3b4c5-d6e7-f8a9-b0c1-d2e3f4a5b6c7', 'Круасан з шинкою та сиром',
        'Свіжий круасан з шинкою та сиром гауда', 90.00, 400, NULL,
        'Круасан, шинка, сир, листя салату'),
       ('a3b4c5d6-e7f8-a9b0-c1d2-e3f4a5b6c7d8', 'Паніні з моцарелою та томатами',
        'Гарячий сендвіч з моцарелою, томатами та соусом песто', 110.00, 500, NULL,
        'Хліб чіабата, моцарела, помідори, песто'),
       ('b4c5d6e7-f8a9-b0c1-d2e3-f4a5b6c7d8e9', 'Яблучний штрудель',
        'Класичний віденський штрудель з кулькою морозива', 115.00, 450, NULL,
        'Яблука, кориця, тісто філо, морозиво'),
       ('c5d6e7f8-a9b0-c1d2-e3f4-a5b6c7d8e9f0', 'Торт "Естергазі"',
        'Мигдально-шоколадний торт з заварним кремом', 130.00, 550, NULL,
        'Мигдальне борошно, шоколад, вершки, масло'),
       ('d6e7f8a9-b0c1-d2e3-f4a5-b6c7d8e9f0a1', 'Чізкейк "Нью-Йорк"', 'Класичний вершковий чізкейк',
        120.00, 600, NULL, 'Сир філадельфія, вершки, пісочна основа');

INSERT INTO ItemCategories (item_id, category_id)
VALUES ('a1b2c3d4-e5f6-a7b8-c9d0-e1f2a3b4c5d6', 'c1a2b3c4-d5e6-f7a8-b9c0-d1e2f3a4b5c6'),
       ('b2c3d4e5-f6a7-b8c9-d0e1-f2a3b4c5d6e7', 'c1a2b3c4-d5e6-f7a8-b9c0-d1e2f3a4b5c6'),
       ('c3d4e5f6-a7b8-c9d0-e1f2-a3b4c5d6e7f8', 'c1a2b3c4-d5e6-f7a8-b9c0-d1e2f3a4b5c6'),
       ('d4e5f6a7-b8c9-d0e1-f2a3-b4c5d6e7f8a9', 'c1a2b3c4-d5e6-f7a8-b9c0-d1e2f3a4b5c6'),
       ('e5f6a7b8-c9d0-e1f2-a3b4-c5d6e7f8a9b0', 'd2b3c4d5-e6f7-a8b9-c0d1-e2f3a4b5c6d7'),
       ('f6a7b8c9-d0e1-f2a3-b4c5-d6e7f8a9b0c1', 'd2b3c4d5-e6f7-a8b9-c0d1-e2f3a4b5c6d7'),
       ('a7b8c9d0-e1f2-a3b4-c5d6-e7f8a9b0c1d2', 'd2b3c4d5-e6f7-a8b9-c0d1-e2f3a4b5c6d7'),
       ('b8c9d0e1-f2a3-b4c5-d6e7-f8a9b0c1d2e3', 'e3c4d5e6-f7a8-b9c0-d1e2-f3a4b5c6d7e8'),
       ('c9d0e1f2-a3b4-c5d6-e7f8-a9b0c1d2e3f4', 'e3c4d5e6-f7a8-b9c0-d1e2-f3a4b5c6d7e8'),
       ('d0e1f2a3-b4c5-d6e7-f8a9-b0c1d2e3f4a5', 'f4d5e6f7-a8b9-c0d1-e2f3a4b5c6d7e8f9'),
       ('e1f2a3b4-c5d6-e7f8-a9b0-c1d2e3f4a5b6', 'f4d5e6f7-a8b9-c0d1-e2f3a4b5c6d7e8f9'),
       ('f2a3b4c5-d6e7-f8a9-b0c1-d2e3f4a5b6c7', 'a5e6f7a8-b9c0-d1e2-f3a4-b5c6d7e8f9a0'),
       ('a3b4c5d6-e7f8-a9b0-c1d2-e3f4a5b6c7d8', 'a5e6f7a8-b9c0-d1e2-f3a4-b5c6d7e8f9a0'),
       ('b4c5d6e7-f8a9-b0c1-d2e3-f4a5b6c7d8e9', 'b6f7a8b9-c0d1-e2f3-a4b5-c6d7e8f9a0b1'),
       ('c5d6e7f8-a9b0-c1d2-e3f4-a5b6c7d8e9f0', 'b6f7a8b9-c0d1-e2f3-a4b5-c6d7e8f9a0b1'),
       ('d6e7f8a9-b0c1-d2e3-f4a5-b6c7d8e9f0a1', 'b6f7a8b9-c0d1-e2f3-a4b5-c6d7e8f9a0b1');

INSERT INTO Cart (cart_id, user_id, item_id, quantity, subtotal, is_ordered)
VALUES ('af7e1790-9dad-11d1-80b4-00c04fd430c0', '6ba7b810-9dad-11d1-80b4-00c04fd430c1',
        'e5f6a7b8-c9d0-e1f2-a3b4-c5d6e7f8a9b0', 1, 125.00, 1),
       ('af7e1791-9dad-11d1-80b4-00c04fd430c1', '6ba7b810-9dad-11d1-80b4-00c04fd430c1',
        'b2c3d4e5-f6a7-b8c9-d0e1-f2a3b4c5d6e7', 1, 65.00, 1),
       ('af7e1792-9dad-11d1-80b4-00c04fd430c2', '6ba7b811-9dad-11d1-80b4-00c04fd430c2',
        'd0e1f2a3-b4c5-d6e7-f8a9-b0c1d2e3f4a5', 1, 105.00, 1),
       ('af7e1793-9dad-11d1-80b4-00c04fd430c3', '6ba7b811-9dad-11d1-80b4-00c04fd430c2',
        'a3b4c5d6-e7f8-a9b0-c1d2-e3f4a5b6c7d8', 1, 110.00, 1),
       ('af7e1794-9dad-11d1-80b4-00c04fd430c4', '6ba7b812-9dad-11d1-80b4-00c04fd430c3',
        'c3d4e5f6-a7b8-c9d0-e1f2-a3b4c5d6e7f8', 1, 70.00, 1),
       ('af7e1795-9dad-11d1-80b4-00c04fd430c5', '6ba7b812-9dad-11d1-80b4-00c04fd430c3',
        'b4c5d6e7-f8a9-b0c1-d2e3-f4a5b6c7d8e9', 1, 115.00, 1);

INSERT INTO Orders (order_id, user_id, order_date, total_amount, bonuses_earned, bonuses_used,
                    status, notes, is_social, table_number)
VALUES ('9e6f0680-9dad-11d1-80b4-00c04fd430f0', '6ba7b810-9dad-11d1-80b4-00c04fd430c1',
        '2025-10-17 09:30:00', 190.00, 19.00, 10.00, 'DELIVERED', 'Списати 10 бонусів', 0, 1),
       ('9e6f0681-9dad-11d1-80b4-00c04fd430f1', '6ba7b811-9dad-11d1-80b4-00c04fd430c2',
        '2025-10-17 13:00:00', 215.00, 21.50, 0, 'CONFIRMED', 'Заберу сам', 1, 2),
       ('9e6f0682-9dad-11d1-80b4-00c04fd430f2', '6ba7b812-9dad-11d1-80b4-00c04fd430c3',
        '2025-10-17 16:45:00', 185.00, 18.50, 0, 'PENDING', NULL, 1, 3),
       ('9e6f0683-9dad-11d1-80b4-00c04fd430f3', '6ba7b813-9dad-11d1-80b4-00c04fd430c4',
        '2025-10-17 14:00:00', 150.00, 15.00, 0, 'CONFIRMED', 'Будь ласка, швидко', 1, 4),
       ('9e6f0684-9dad-11d1-80b4-00c04fd430f4', '6ba7b814-9dad-11d1-80b4-00c04fd430c5',
        '2025-10-17 15:30:00', 200.00, 20.00, 0, 'PENDING', 'Без цибулі', 1, 5),
       ('9e6f0685-9dad-11d1-80b4-00c04fd430f5', '6ba7b815-9dad-11d1-80b4-00c04fd430c6',
        '2025-10-17 17:00:00', 120.00, 12.00, 0, 'CONFIRMED', 'Зустріч о 17:00', 1, 6);

INSERT INTO OrderCartItems (order_id, cart_id)
VALUES ('9e6f0680-9dad-11d1-80b4-00c04fd430f0', 'af7e1790-9dad-11d1-80b4-00c04fd430c0'),
       ('9e6f0680-9dad-11d1-80b4-00c04fd430f0', 'af7e1791-9dad-11d1-80b4-00c04fd430c1'),
       ('9e6f0681-9dad-11d1-80b4-00c04fd430f1', 'af7e1792-9dad-11d1-80b4-00c04fd430c2'),
       ('9e6f0681-9dad-11d1-80b4-00c04fd430f1', 'af7e1793-9dad-11d1-80b4-00c04fd430c3'),
       ('9e6f0682-9dad-11d1-80b4-00c04fd430f2', 'af7e1794-9dad-11d1-80b4-00c04fd430c4'),
       ('9e6f0682-9dad-11d1-80b4-00c04fd430f2', 'af7e1795-9dad-11d1-80b4-00c04fd430c5'),
       ('9e6f0683-9dad-11d1-80b4-00c04fd430f3', 'af7e1790-9dad-11d1-80b4-00c04fd430c0'),
       ('9e6f0684-9dad-11d1-80b4-00c04fd430f4', 'af7e1791-9dad-11d1-80b4-00c04fd430c1'),
       ('9e6f0685-9dad-11d1-80b4-00c04fd430f5', 'af7e1792-9dad-11d1-80b4-00c04fd430c2');
INSERT INTO LoyaltyCards (card_id, user_id, card_number, balance)
VALUES
    ('d2a9c840-0b7a-4b6e-8d0a-1e6b3c9f2a1b', '6ba7b810-9dad-11d1-80b4-00c04fd430c1', '20240001', 10.00),
    ('e3b0d951-1c8b-4c7f-9e1b-2f7c4d0a3b2c', '6ba7b811-9dad-11d1-80b4-00c04fd430c2', '20240002', 0.00),
    ('f4c1ea62-2d9c-4d8a-9f2c-3a8d5e1b4c3d', '6ba7b812-9dad-11d1-80b4-00c04fd430c3', '20240003', 0.00),
    ('a5d2fb73-3ea0-4e9a-1a3d-4a9e6f2c5d4e', '6ba7b813-9dad-11d1-80b4-00c04fd430c4', '20240004', 0.00),
    ('b6e3ac84-4fb1-4f0b-2b4e-5b0f7a3d6e5f', '6ba7b815-9dad-11d1-80b4-00c04fd430c6', '20240005', 0.00),
    ('c7f4bd95-5ac2-4a1c-3c5f-6c1a8b4e7f6a', '6ba7b816-9dad-11d1-80b4-00c04fd430c7', '20240006', 0.00),
    ('d8a5ce06-6bd3-4b2d-4d6a-7d2b9c5f8a7b', '6ba7b817-9dad-11d1-80b4-00c04fd430c8', '20240007', 20.00),
    ('e9b6df17-7ce4-4c3e-5e7b-8e3c0d6a9b8c', '6ba7b818-9dad-11d1-80b4-00c04fd430c9', '20240008', 0.00);

INSERT INTO BonusTransactions (transaction_id, card_id, order_id, amount, type, notes)
VALUES ('b1a2c3d4-e5f6-4a7b-8c9d-0e1f2a3b4c5d', 'd2a9c840-0b7a-4b6e-8d0a-1e6b3c9f2a1b',
        '9e6f0680-9dad-11d1-80b4-00c04fd430f0', -10.00, 'REDEMPTION',
        'Списання бонусів для оплати сніданку'),
       ('c2b3d4e5-f6a7-4b8c-9d0e-1f2a3b4c5d6e', 'd2a9c840-0b7a-4b6e-8d0a-1e6b3c9f2a1b',
        '9e6f0680-9dad-11d1-80b4-00c04fd430f0', 19.00, 'ACCRUAL', 'Нарахування за сніданок'),
       ('d3c4e5f6-a7b8-4c9d-0e1f-2a3b4c5d6e7f', 'e3b0d951-1c8b-4c7f-9e1b-2f7c4d0a3b2c',
        '9e6f0681-9dad-11d1-80b4-00c04fd430f1', 21.50, 'ACCRUAL', 'Нарахування за обід'),
       ('e4d5f6a7-b8c9-4d0e-1f2a-3b4c5d6e7f8a', 'f4c1ea62-2d9c-4d8g-0f2c-3g8d5e1b4c3d',
        '9e6f0682-9dad-11d1-80b4-00c04fd430f2', 18.50, 'ACCRUAL', 'Нарахування за каву з десертом');